,Step,Loss,KL,Word,Topo,Assm,Steo,PNorm,GNorm,LR
0,99.0,1006.0242576599121,787.7953491210938,90.41067016124725,99.11540043354034,95.6791129275819,100.0,930.7374631928193,16.84012311663551,0.001
1,199.0,327.65749275684357,848.4652709960938,96.43804293870926,99.68789446353912,96.02857174714136,100.0,931.7561060445377,20.599121962132845,0.001
2,299.0,301.5914750099182,797.1968994140625,97.10868579149246,99.70626300573349,96.1139101367414,100.0,933.2204500355668,11.537178814462298,0.001
3,399.0,294.29859614372253,818.482421875,97.18221312761307,99.75529509782791,96.05969907583486,100.0,934.498673167522,11.687139733495863,0.001
4,499.0,287.5077633857727,807.0675659179688,97.23957288265228,99.74600219726562,95.72269375604424,100.0,936.003269374943,20.73649358734357,0.001
5,599.0,280.6132527589798,773.932861328125,97.39981663227081,99.80045598745346,95.74663202219422,100.0,937.22193108092,16.662615477962984,0.001
6,699.0,278.7909880876541,825.7249145507812,97.61967897415161,99.77640289068222,95.3880607790319,100.0,938.5639214166682,13.05428729365243,0.001
7,799.0,271.4988398551941,811.4304809570312,97.69647532701492,99.76633781194687,95.90226383686104,100.0,939.6341030306877,7.51764432528808,0.001
8,899.0,274.06205904483795,791.9888916015625,97.74835526943207,99.7664932012558,95.83277639419535,100.0,940.6673482011238,18.42804873766713,0.001
9,999.0,268.1433981657028,846.6516723632812,97.6633169054985,99.77585941553116,95.99918045872383,100.0,941.3331660231667,15.841478234415803,0.001
10,1099.0,267.62764942646027,851.2390747070312,97.84797602891922,99.79645323753357,96.3479089085366,100.0,942.4459169756005,22.445414367990615,0.001
11,1199.0,271.19712603092194,828.42626953125,97.63721472024918,99.75782334804535,95.83457990632661,100.0,943.2766073780269,11.127575264118551,0.001
12,1299.0,276.7146862745285,815.239013671875,97.62380635738373,99.78904616832733,95.78636080877862,100.0,944.7261759135006,13.557310570235884,0.001
13,1399.0,264.6566141843796,828.2880859375,97.76464110612869,99.79110819101334,95.98043054516279,100.0,946.0767210559109,21.554680190256796,0.001
14,1499.0,273.90720891952515,814.0650634765625,97.80181932449341,99.76921927928925,95.62940246685253,100.0,947.2219224602219,9.661155189104745,0.001
15,1599.0,270.39634907245636,852.6755981445312,97.79822939634323,99.80394095182419,95.85705079412267,100.0,948.4174431995484,27.997138134472028,0.001
16,1699.0,273.25475561618805,805.08740234375,97.76720827817917,99.80307120084763,95.7723975535244,100.0,949.7492053629139,8.128695389364774,0.001
17,1799.0,274.4607081413269,803.8108520507812,97.65412378311157,99.77371263504028,95.97024861368244,100.0,951.1229529328704,13.704143806607952,0.001
18,1899.0,267.2734169960022,832.6851806640625,97.7643678188324,99.79121023416519,95.55420295656958,100.0,952.1683220382067,12.041222836850762,0.001
19,1999.0,262.38514173030853,827.6023559570312,97.88917529582977,99.78938776254654,95.9064095816467,100.0,953.0180811533951,28.913993072797425,0.001
20,2099.0,270.15982472896576,812.8947143554688,97.81828558444977,99.80976927280426,95.74704927239677,100.0,954.1745211167415,13.272557945623774,0.001
21,2199.0,264.7940332889557,834.8943481445312,97.81346660852432,99.79324895143509,95.95700132149645,100.0,954.9916656697189,12.149871205298783,0.001
22,2299.0,270.23849976062775,831.3816528320312,97.76279824972153,99.76570355892181,95.83244622704868,100.0,955.9803387075524,14.227111311952811,0.001
23,2399.0,266.0477112531662,822.2238159179688,97.78696352243423,99.78812998533249,95.77128827246166,100.0,957.3529556835053,9.670530167050785,0.001
24,2499.0,260.9536052942276,806.7655029296875,97.85874772071838,99.78584223985672,95.92150168220451,100.0,958.3265972287949,13.07452756604807,0.001
25,2599.0,261.14524483680725,848.5267944335938,97.7925455570221,99.7975605726242,95.7958191018742,100.0,959.4052901625962,10.573585092770141,0.001
26,2699.0,268.6452385187149,806.6713256835938,97.87574511766434,99.76343244314194,95.6760110603245,100.0,960.6895448684334,14.364942736724313,0.001
27,2799.0,250.82757544517514,837.5665893554688,98.03500270843506,99.77923882007599,96.08363344762246,100.0,961.4742211180009,18.77664765401486,0.001
28,2899.0,269.0798149108887,813.3277587890625,97.83721339702606,99.76421386003494,95.69792474911023,100.0,962.4928688468659,23.19305798799377,0.001
29,2999.0,263.90233957767487,765.918701171875,97.74970495700836,99.79966807365417,96.15982697102837,100.0,963.6203095057147,8.143114655043423,0.001
30,3099.0,261.6287935972214,825.1218872070312,97.8983279466629,99.80798321962357,95.78751259215929,100.0,964.4773019944267,12.437583964243125,0.001
31,3199.0,274.3823746442795,774.6793823242188,97.65984278917313,99.76879197359085,95.49051298738615,100.0,965.4604131660963,7.213709591211533,0.001
32,3299.0,274.0762445926666,832.1967163085938,97.78139072656631,99.7933177947998,95.7725953454725,100.0,966.4166807956501,18.016564874009333,0.001
33,3399.0,265.6317889690399,819.4778442382812,97.93437629938126,99.78151971101761,95.78051359614115,100.0,967.3726979133419,13.19979602984616,0.001
34,3499.0,263.4821515083313,828.1730346679688,97.92353731393814,99.79634100198746,95.58681127306403,100.0,968.4408724180204,9.285494576998035,0.001
35,3599.0,262.12242364883423,815.8330078125,97.88913571834564,99.8028114438057,95.71414124388399,100.0,969.174344904961,12.782200703906753,0.001
36,3699.0,261.5064353942871,793.1832885742188,97.85820007324219,99.82330447435379,95.80757780701047,100.0,969.7323730896825,12.45210653350093,0.001
37,3799.0,268.2562104463577,799.6331176757812,97.89232164621353,99.77757889032364,95.82364905867544,100.0,970.3357512748695,8.466841266783986,0.001
38,3899.0,269.6905896663666,817.8507690429688,97.79899460077286,99.79192662239075,95.56295381186946,100.0,971.2856848019187,22.878748748571507,0.001
39,3999.0,258.58532524108887,779.6911010742188,97.93872457742691,99.81061804294586,95.81504356514867,100.0,972.1581196416778,6.988949843815568,0.001
40,4099.0,254.28091776371002,830.5346069335938,97.92421823740005,99.818812251091,95.89568338416538,100.0,972.8087568949273,16.80858099877381,0.001
41,4199.0,269.66867673397064,797.2048950195312,97.92713177204132,99.83007615804672,95.54545636033255,100.0,973.5331811392776,10.406638473896443,0.001
42,4299.0,270.94179487228394,838.0022583007812,97.81135553121567,99.81132966279984,95.62027439525924,100.0,974.5142781988442,18.980202150688267,0.001
43,4399.0,267.09878265857697,797.923828125,97.89802879095078,99.81609243154526,95.79364139752546,100.0,975.5859231012764,10.104532610681272,0.001
44,4499.0,267.3097506761551,804.0336303710938,97.7915791273117,99.77449309825897,95.85957461809369,100.0,977.0604102365043,7.799584992359122,0.001
45,4599.0,267.5819504261017,796.85302734375,97.76315927505493,99.78631335496902,95.79067052309604,100.0,978.0874500565327,11.519828596558781,0.001
46,4699.0,257.8155847787857,801.8283081054688,97.80379694700241,99.80518209934235,95.79112992390017,100.0,978.7403716916684,16.50081420813889,0.001
47,4799.0,263.0772874355316,751.388671875,98.02996051311493,99.80583345890045,95.47167159790418,100.0,979.6141178892798,6.818452842354987,0.001
48,4899.0,269.6967705488205,790.8971557617188,97.82955288887024,99.78876328468323,95.72256477102728,100.0,980.8048530932094,10.223891629840109,0.001
49,4999.0,268.9093532562256,811.2027587890625,97.78426051139832,99.74360221624374,95.65817244084722,100.0,981.883308085482,14.492662914048465,0.001
50,5099.0,263.2303673028946,816.3897705078125,97.91951286792755,99.79459601640701,95.87433564584684,100.0,983.0762332447598,7.339886410112346,0.001
51,5199.0,256.10297203063965,808.6947631835938,97.97849351167679,99.82599657773972,95.76954170622811,100.0,983.8668918838042,9.448494542004127,0.001
52,5299.0,254.7064394950867,809.135498046875,97.92523920536041,99.83796554803848,95.82749272718713,100.0,985.132335669151,20.53792496506443,0.001
53,5399.0,273.70825946331024,800.3543090820312,97.6304041147232,99.77869737148285,95.42521097404344,100.0,986.3112427784242,17.122743330845573,0.001
54,5499.0,260.70967161655426,795.879638671875,97.84126281738281,99.80794483423233,95.83448489796879,100.0,987.0893973079626,31.07325851389308,0.001
55,5599.0,264.17112815380096,817.9633178710938,97.82589560747147,99.81220990419388,95.97039497156084,100.0,987.9568165324503,10.19934944761666,0.001
56,5699.0,272.0656169652939,848.609375,97.68549877405167,99.79499238729477,95.66507176779496,100.0,988.9049691461165,25.4870811972992,0.001
57,5799.0,274.7881655693054,814.2426147460938,97.84913033246994,99.77877336740494,95.33608496665022,100.0,989.7935854256883,17.522296136173303,0.001
58,5899.0,262.47165751457214,802.6552124023438,97.9418603181839,99.78960102796555,95.68213718850926,100.0,990.379626395376,15.791509861800213,0.001
59,5999.0,261.31520760059357,792.4931640625,98.0216274857521,99.80415695905685,95.82650830365556,100.0,990.9770312287033,7.350316709973492,0.001
60,6099.0,252.83592689037323,830.7705078125,98.03887289762497,99.83519303798676,95.75313972375497,100.0,992.0381727785137,10.608873922904294,0.001
61,6199.0,261.10347187519073,835.6550903320312,98.01202183961868,99.80348682403564,95.55751765460604,100.0,992.8575727832008,12.560935733933945,0.001
62,6299.0,266.7143222093582,842.57421875,97.95014482736588,99.79969030618668,95.97683254049136,100.0,993.5983358161461,12.332401277381901,0.001
63,6399.0,256.56011390686035,835.6928100585938,97.9258416891098,99.82267814874649,95.94592537146437,100.0,994.6041432462882,7.472317349365476,0.001
64,6499.0,258.39311933517456,838.2314453125,97.93834239244461,99.80189824104309,95.86392931970242,100.0,995.794487073086,15.296185562402671,0.001
65,6599.0,269.3938876390457,788.44091796875,97.87878811359406,99.78987687826157,95.50146314173178,100.0,996.4050705201759,9.545640321206216,0.001
66,6699.0,264.3092221021652,814.1481323242188,97.88421422243118,99.83445382118225,95.4521748765658,100.0,997.1942362010964,15.677437982686406,0.001
67,6799.0,267.62660133838654,828.70361328125,97.90029990673065,99.81277471780777,95.93555096750032,100.0,997.8812753615298,13.665289668177277,0.001
68,6899.0,268.8952956199646,841.7595825195312,97.85604745149612,99.77751249074936,95.96426482243412,100.0,999.2182846623831,24.343068166737147,0.001
69,6999.0,253.42704272270203,794.9794921875,98.05822348594666,99.83116215467453,95.73434249436346,100.0,999.9951705265365,10.182742144686564,0.001
70,7099.0,265.5766713619232,844.0712280273438,97.91062080860138,99.81160646677017,95.86020675185152,100.0,1001.0807776616053,12.49998593696798,0.001
71,7199.0,263.7467533349991,916.9767456054688,98.01314824819565,99.78840589523315,96.01170898041849,100.0,1001.9672526255177,28.36243979992916,0.001
72,7299.0,266.2727519273758,835.9013671875,97.89755541086197,99.80582815408707,96.15379337795169,100.0,1002.7345046711208,14.97465840249303,0.001
73,7399.0,270.3433892726898,832.7484741210938,97.82711398601532,99.80448424816132,95.43528082735055,100.0,1003.7994143692227,12.908990878165406,0.001
74,7499.0,263.3026874065399,820.79296875,97.80186301469803,99.80652338266373,95.53111845593952,100.0,1004.6090589697208,14.273406132221185,0.001
75,7599.0,260.6780594587326,838.2062377929688,97.85073918104172,99.81449615955353,96.0343657798753,100.0,1005.5184830324893,15.03708861627683,0.001
76,7699.0,271.56385123729706,807.6634521484375,97.9418974518776,99.8096793293953,95.61923128323564,100.0,1006.5114194617606,6.376313046872783,0.001
77,7799.0,258.42991602420807,814.4140014648438,97.8584286570549,99.8289046883583,95.86873497128651,100.0,1007.1770174743609,13.494181594243688,0.001
78,7899.0,255.20071566104886,791.9683837890625,97.86603236198425,99.8176622390747,95.85493869943491,100.0,1007.7533817881817,6.898600874328651,0.001
79,7999.0,260.266463637352,796.8951416015625,97.94833773374557,99.8275717496872,95.51866201933518,100.0,1008.2813890148855,13.175972530938306,0.001
80,8099.0,261.77275145053864,784.4188232421875,97.8181015253067,99.78038668632507,95.69278165559588,100.0,1008.813781538004,34.47807835677864,0.001
81,8199.0,272.72164392471313,786.8806762695312,97.86002880334854,99.77207547426224,95.47480988974031,100.0,1009.5084990162375,11.830592087754889,0.001
82,8299.0,266.73776936531067,825.1505126953125,97.85847026109695,99.77548062801361,95.69169722878743,100.0,1010.1385016409226,30.55899451024717,0.001
83,8399.0,265.5826725959778,857.5287475585938,98.02419292926788,99.81567949056625,95.67819535682149,100.0,1010.8060177818166,11.463930648752203,0.001
84,8499.0,264.071311712265,830.271484375,97.876400411129,99.82040047645569,95.88126551443435,100.0,1011.711733937645,19.729446464631348,0.001
85,8599.0,254.44929468631744,802.6898803710938,97.9963767528534,99.81947922706604,95.82852626769517,100.0,1012.2702939486605,11.95800095756898,0.001
86,8699.0,252.0001918077469,804.6705322265625,98.03616434335709,99.83062767982483,96.0974731037695,100.0,1012.7189107906878,14.386387367522426,0.001
87,8799.0,266.0598975419998,821.1648559570312,97.87998360395432,99.78874915838242,95.88270828399874,100.0,1013.451852711122,16.119735402898087,0.001
88,99.0,247.61532175540927,793.483642578125,98.24097144603729,99.84304821491241,95.62146968144769,100.0,1014.636961844306,38.21676637866943,0.0009000000000000001
89,199.0,237.016606092453,839.7229614257812,98.4385393857956,99.88466703891754,95.9577588111151,100.0,1015.1259800397652,36.63114129044001,0.0009000000000000001
90,299.0,238.81297051906586,793.8651733398438,98.27400171756744,99.868139564991,95.68136075115213,100.0,1015.642925012135,10.593165243011642,0.0009000000000000001
91,399.0,254.54164361953735,866.2767944335938,98.35050350427628,99.85191345214844,95.63692619271056,100.0,1016.2986485845108,17.979962083463764,0.0009000000000000001
92,499.0,246.8260052204132,833.1533203125,98.2965367436409,99.88017183542252,95.69297805616655,100.0,1016.8784175405484,20.25485767340169,0.0009000000000000001
93,599.0,255.09833014011383,831.0894775390625,98.28536003828049,99.84796243906021,95.48229606584145,100.0,1017.2587345459285,20.250191114323766,0.0009000000000000001
94,699.0,244.31085324287415,795.779296875,98.40019983053207,99.85798931121826,95.77379302043923,100.0,1018.1110541810425,10.223004943663787,0.0009000000000000001
95,799.0,242.9675714969635,819.1301879882812,98.41840821504593,99.8068875670433,96.00137095848702,100.0,1018.8759109398677,11.311861664357027,0.0009000000000000001
96,899.0,243.72911977767947,815.6876831054688,98.3192223906517,99.83959180116653,95.78253865698048,100.0,1019.3325852082983,20.03574503929853,0.0009000000000000001
97,999.0,240.73281359672544,776.5885620117188,98.5310879945755,99.84790641069412,96.01598684888017,100.0,1020.1353317689168,8.024072290009233,0.0009000000000000001
98,1099.0,252.13736093044278,834.4841918945312,98.18245708942413,99.8462011218071,95.86242347700782,100.0,1021.1217375223964,17.50228100155972,0.0009000000000000001
99,1199.0,246.17313063144684,830.0628051757812,98.32651740312576,99.83690524101257,95.69729393215225,100.0,1021.9206399936651,15.928922438755576,0.0009000000000000001
100,1299.0,250.00776374340057,821.9933471679688,98.22586840391159,99.86843079328537,95.80003320559099,100.0,1022.8924020679333,13.564068557806792,0.0009000000000000001
101,1399.0,238.9602597951889,811.394775390625,98.35322433710098,99.84569889307022,95.63452641137212,100.0,1023.6923660882951,23.06376984515816,0.0009000000000000001
102,1499.0,255.06944525241852,808.73046875,98.22901320457458,99.81765764951706,95.92164148283878,100.0,1024.539673715372,11.704171088701244,0.0009000000000000001
103,1599.0,242.10340297222137,850.5115356445312,98.3337253332138,99.84802830219269,95.80744903618293,100.0,1025.7020118895866,10.504828984252267,0.0009000000000000001
104,1699.0,240.67420518398285,806.6439208984375,98.37583005428314,99.89008462429047,95.95146489182267,100.0,1026.447177728574,14.382988507107996,0.0009000000000000001
105,1799.0,242.65190470218658,816.8502807617188,98.33436512947083,99.8478593826294,96.26042763587711,100.0,1027.2001047098036,21.921955924958844,0.0009000000000000001
106,1899.0,252.2057273387909,803.1781005859375,98.21910202503204,99.8215868473053,95.82066179466939,100.0,1028.0258121554864,14.589798733086221,0.0009000000000000001
107,1999.0,240.01635575294495,775.4349975585938,98.43394601345062,99.87446796894073,95.55193832666875,100.0,1028.3909333384356,7.2626217978189915,0.0009000000000000001
108,2099.0,244.4931799173355,801.0587768554688,98.33476734161377,99.87061524391174,95.76482534060507,100.0,1028.9569891727112,15.86640058069105,0.0009000000000000001
109,2199.0,251.6546334028244,861.3012084960938,98.35377162694931,99.86336475610733,95.58717390264795,100.0,1029.9690951455175,25.166098404432788,0.0009000000000000001
110,2299.0,242.01171481609344,801.2194213867188,98.18639975786209,99.84238082170486,96.20684470995049,100.0,1030.601749599103,9.33606332867659,0.0009000000000000001
111,2399.0,244.85270035266876,798.1923217773438,98.33455115556717,99.83165776729584,95.92301583397719,100.0,1031.0779353963635,17.794801474160156,0.0009000000000000001
112,2499.0,242.3674430847168,808.4426879882812,98.35559594631195,99.84627276659012,95.6439633720625,100.0,1032.2509231391316,12.596875426838329,0.0009000000000000001
113,2599.0,253.59230172634125,839.7047119140625,98.20864194631577,99.82009917497635,95.41480233545762,100.0,1032.9068487296065,13.166034289550751,0.0009000000000000001
114,2699.0,250.02390825748444,792.1319580078125,98.1501676440239,99.82207554578781,95.46886767975134,100.0,1033.6311984346753,20.130858486179843,0.0009000000000000001
115,2799.0,243.4204539060593,799.8594970703125,98.22573518753052,99.85810649394989,95.9664498217728,100.0,1034.1754784715977,12.139050433882169,0.0009000000000000001
116,2899.0,245.63114857673645,835.2340698242188,98.35076457262039,99.84805655479431,96.0265451137773,100.0,1034.6556588590502,9.407692155261676,0.0009000000000000001
117,2999.0,249.57461726665494,808.8607788085938,98.23860937356949,99.84762805700302,95.81529272716209,100.0,1035.0228859297245,25.119341528827448,0.0009000000000000001
118,3099.0,238.48064124584195,767.5579223632812,98.27499580383301,99.83965426683426,95.76219908621911,100.0,1035.8464589839214,11.471023234329067,0.0009000000000000001
119,3199.0,259.0502655506134,774.3760986328125,98.242012321949,99.84067487716675,95.49394598090214,100.0,1036.6876245051224,7.122729648348402,0.0009000000000000001
120,3299.0,233.82151877880096,846.5870971679688,98.38038265705109,99.83167630434036,96.02479506496364,100.0,1037.5179467897322,16.9314812822649,0.0009000000000000001
121,3399.0,236.78440022468567,816.7941284179688,98.3392441868782,99.84662353992462,96.0121814769747,100.0,1038.153320093717,8.568848079061816,0.0009000000000000001
122,3499.0,241.7197014093399,832.5380249023438,98.248091340065,99.86139392852783,96.42994144422859,100.0,1038.7028294974482,12.07968395232505,0.0009000000000000001
123,3599.0,253.22467684745789,799.2838134765625,98.19834977388382,99.8456894159317,95.95416809507303,100.0,1039.4558772696591,16.941535183324564,0.0009000000000000001
124,3699.0,248.97980868816373,771.1964111328125,98.27026438713074,99.8516817688942,95.87200457799366,100.0,1040.587829684757,7.15465460588625,0.0009000000000000001
125,3799.0,238.35802304744723,831.9773559570312,98.22555702924728,99.86434334516525,96.18321032322643,100.0,1041.495504134144,13.216779314573087,0.0009000000000000001
126,3899.0,254.06013810634613,815.0126953125,98.28954267501831,99.86495423316956,95.58303929539115,100.0,1042.3543358395507,11.189290118814087,0.0009000000000000001
127,3999.0,245.90663897991178,816.6206665039062,98.2310391664505,99.8342627286911,95.90118860939313,100.0,1042.8576494048991,16.762727715316366,0.0009000000000000001
128,4099.0,253.5747163295746,807.152099609375,98.26881688833237,99.83219248056412,95.60414326976955,100.0,1043.286321411941,22.548929230624545,0.0009000000000000001
129,4199.0,244.48208475112915,824.7283325195312,98.21226811408997,99.84830683469772,95.56954585001337,100.0,1043.9665072677456,14.84752097510537,0.0009000000000000001
130,4299.0,235.06338691711423,816.0018920898438,98.42008459568024,99.84559786319733,96.09918661579458,100.0,1044.3780657119808,8.238831144016274,0.0009000000000000001
131,4399.0,245.28277587890622,804.2433471679688,98.40104359388351,99.85379475355148,95.86370647407108,100.0,1045.2027097214416,9.51347959701226,0.0009000000000000001
132,4499.0,249.19131112098697,800.7374877929688,98.14784872531891,99.86577612161636,95.91330672857877,100.0,1046.17619046835,13.209671535706379,0.0009000000000000001
133,4599.0,241.94465780258182,794.1846923828125,98.30035823583603,99.86344319581985,95.78636185695156,100.0,1046.6667198936739,15.204401944122061,0.0009000000000000001
134,4699.0,259.2750321626663,849.2857666015625,98.18971383571625,99.82916331291199,95.71785579502153,100.0,1047.5076003891475,23.260932764753083,0.0009000000000000001
135,4799.0,245.5783920288086,826.4900512695312,98.21748006343842,99.84082674980164,96.15924853147858,100.0,1048.045588019791,15.244848267042517,0.0009000000000000001
136,4899.0,246.3204070329666,799.1787109375,98.20915675163269,99.85917204618454,95.83046103105417,100.0,1048.4355957878606,6.124546279352468,0.0009000000000000001
137,4999.0,254.00823593139648,825.4957275390625,98.21754550933838,99.84193336963654,95.66209406455913,100.0,1048.9932447419133,16.63667383085905,0.0009000000000000001
138,5099.0,255.13713049888608,836.9552612304688,98.11802315711975,99.8558863401413,95.46564584701717,100.0,1049.6330801984075,19.177494514780467,0.0009000000000000001
139,5199.0,246.13726794719696,837.6605834960938,98.15698480606079,99.83453172445297,96.03380309568605,100.0,1050.392189930425,20.14759218434706,0.0009000000000000001
140,5299.0,252.77059543132782,838.7139892578125,98.21535784006119,99.83241653442383,95.83774516205949,100.0,1050.926084305328,12.060462444678477,0.0009000000000000001
141,5399.0,250.60219264030454,810.91552734375,98.12025338411331,99.83960372209549,95.76502540474127,100.0,1051.914713911861,7.349353285554238,0.0009000000000000001
142,5499.0,258.1957551240921,790.87548828125,98.22619259357452,99.82655322551727,95.75386152298047,100.0,1052.6493368127562,12.84203953267743,0.0009000000000000001
143,5599.0,258.70461320877075,800.1390380859375,98.19013088941574,99.8421658873558,95.51756644938723,100.0,1053.3632632327651,10.616878108054003,0.0009000000000000001
144,5699.0,249.00691080093384,827.2984619140625,98.17413800954819,99.81844174861908,95.5490385038322,100.0,1054.1344078296129,14.90612113428609,0.0009000000000000001
145,5799.0,249.18465220928195,834.4148559570312,98.26854819059372,99.85790330171585,95.74953291407286,100.0,1054.7619412147812,13.20205851475507,0.0009000000000000001
146,5899.0,255.9082341194153,776.6292114257812,98.27865773439407,99.84302133321762,95.86261868683123,100.0,1055.550088527291,10.533549906141259,0.0009000000000000001
147,5999.0,249.1672395467758,829.9835815429688,98.2099444270134,99.82886689901352,95.93239237072571,100.0,1055.9483898496242,14.38758936284257,0.0009000000000000001
148,6099.0,251.4784471988678,839.7162475585938,98.02994787693024,99.85149478912354,95.8704085117055,100.0,1056.7978792203007,33.6958961842617,0.0009000000000000001
149,6199.0,243.82911431789398,813.8944702148438,98.23673218488693,99.86695581674576,95.56840506161484,100.0,1057.9269023238498,8.30858887782577,0.0009000000000000001
150,6299.0,249.30639398097992,821.1572265625,98.29432606697083,99.8452740907669,95.80283871581773,100.0,1058.3262674383807,38.12554735757349,0.0009000000000000001
151,6399.0,240.12541794776917,834.0380859375,98.33396047353745,99.87195581197739,95.78363741128271,100.0,1058.895711816479,8.752104597961464,0.0009000000000000001
152,6499.0,253.3043568134308,784.8597412109375,98.18170100450516,99.86724126338959,95.55118496801255,100.0,1059.8992693673597,9.191295687397984,0.0009000000000000001
153,6599.0,249.51686561107635,806.3305053710938,98.19918912649155,99.84565615653992,95.95312109135999,100.0,1060.719604950732,26.44349577864573,0.0009000000000000001
154,6699.0,254.19574463367462,775.6975708007812,98.15837329626083,99.84903979301453,95.46216211466056,100.0,1061.3503152393357,12.644038146123753,0.0009000000000000001
155,6799.0,244.23036062717438,812.1417846679688,98.32961678504944,99.88199973106384,95.96737709731322,100.0,1062.1541287436191,18.782928346950076,0.0009000000000000001
156,6899.0,246.2950271368027,796.0258178710938,98.21751922369003,99.84225618839264,95.73459417048599,100.0,1063.0088042004918,10.414472977460669,0.0009000000000000001
157,6999.0,254.02120566368103,820.6336059570312,98.2502036690712,99.82679849863052,95.57024962682995,100.0,1063.5571138610196,31.004406824902528,0.0009000000000000001
158,7099.0,245.5980625152588,831.9840087890625,98.1871440410614,99.84363120794296,96.13455525402854,100.0,1064.2797204939047,12.599150025553174,0.0009000000000000001
159,7199.0,248.5955718755722,810.5455932617188,98.30927300453186,99.84542489051819,95.67554533714824,100.0,1064.9218086170802,11.000033071705259,0.0009000000000000001
160,7299.0,236.0232743024826,789.3612670898438,98.31405586004257,99.86265659332275,95.98119796077219,100.0,1065.744406282961,9.42363896830559,0.0009000000000000001
161,7399.0,250.99043345451352,824.1082153320312,98.20015847682953,99.8445862531662,95.72787024592118,100.0,1066.5209404286948,11.877540367016927,0.0009000000000000001
162,7499.0,258.52448642253876,834.3234252929688,98.10183876752853,99.84733325242996,95.38252550274947,100.0,1067.2093347949879,24.51983150791395,0.0009000000000000001
163,7599.0,248.68143248558044,758.13232421875,98.17635768651962,99.8300507068634,95.6525032666873,100.0,1067.5578856698003,18.049568018735194,0.0009000000000000001
164,7699.0,244.03185665607455,818.8206176757812,98.35713231563568,99.82634311914444,95.66407376284542,100.0,1067.9600087879874,12.120018904158846,0.0009000000000000001
165,7799.0,250.11210620403287,811.4987182617188,98.18397015333176,99.85388672351837,95.52161848624581,100.0,1068.541216839313,27.355693294025897,0.0009000000000000001
166,7899.0,242.67703449726105,807.5209350585938,98.28665310144424,99.84896868467331,96.02119073670049,100.0,1069.0726489665649,26.737449208972095,0.0009000000000000001
167,7999.0,246.49684751033783,839.8058471679688,98.10332715511322,99.82508373260498,95.82421532623852,100.0,1069.5868404546557,16.069845815968208,0.0009000000000000001
168,8099.0,245.48506700992584,794.7697143554688,98.21120101213455,99.8302710056305,95.83271327482946,100.0,1070.1529232616913,10.071344548878175,0.0009000000000000001
169,8199.0,254.16465485095978,832.1881103515625,98.20963197946548,99.85162723064423,95.48180774677405,100.0,1070.964922468095,14.88305145936606,0.0009000000000000001
170,8299.0,249.39632272720337,792.3776245117188,98.19839990139008,99.82623994350433,95.63620777882942,100.0,1072.1412239626313,10.350377470611045,0.0009000000000000001
171,8399.0,260.996484875679,799.009765625,98.18096685409546,99.82817506790161,95.88289864814838,100.0,1073.453752236408,12.250965008182948,0.0009000000000000001
172,8499.0,252.6845587491989,820.9207153320312,98.21640813350677,99.84389573335648,95.90773498870378,100.0,1074.1231208093036,8.742724967082122,0.0009000000000000001
173,8599.0,246.72662591934204,856.3334350585938,98.16100740432739,99.82557427883148,95.47913519904063,100.0,1074.7497849755596,17.098480627147147,0.0009000000000000001
174,8699.0,244.49339151382446,848.0114135742188,98.31385117769241,99.84158110618591,95.41611237432711,100.0,1075.4894493601828,18.83287281236827,0.0009000000000000001
175,8799.0,255.93325471878052,847.021484375,98.16828292608261,99.82188653945923,95.77286261439454,100.0,1076.3360917513417,19.208886943372224,0.0009000000000000001
176,99.0,235.4578993320465,819.1085205078125,98.57136869430542,99.89495724439621,95.7601294408085,100.0,1077.4630046743832,9.738755145493036,0.0008100000000000001
177,199.0,238.0714749097824,877.1088256835938,98.54400128126144,99.8985013961792,95.75900445451896,100.0,1078.0465808686256,10.696132596455644,0.0008100000000000001
178,299.0,233.70785725116733,817.7650756835938,98.69932246208191,99.87975883483887,95.91514943877807,100.0,1078.7090653399516,7.819465576415652,0.0008100000000000001
179,399.0,230.3882055282593,826.7101440429688,98.62732744216919,99.88265365362167,96.00211719005098,100.0,1079.1113585146018,11.126412256792277,0.0008100000000000001
180,499.0,233.51978385448456,802.620361328125,98.54108852148056,99.88886374235153,95.52566520779969,100.0,1079.452358081505,9.451491861803525,0.0008100000000000001
181,599.0,239.31042051315305,817.7598876953125,98.63379240036011,99.89114767313004,95.4105618058108,100.0,1080.2330987431892,9.028427232986111,0.0008100000000000001
182,699.0,230.93284595012668,856.0703125,98.65292191505432,99.86979204416275,95.87361426295477,100.0,1080.8403075984495,12.920745735893869,0.0008100000000000001
183,799.0,232.60870730876923,817.6309814453125,98.63604462146759,99.8908948302269,95.76728622198037,100.0,1081.6253862061724,15.609581193107736,0.0008100000000000001
184,899.0,228.70183610916138,829.3217163085938,98.57492083311081,99.88837587833405,95.61402487933925,100.0,1082.0228646734924,12.815349571726152,0.0008100000000000001
185,999.0,232.83050727844235,790.702392578125,98.67164081335068,99.87857669591904,95.71913073106688,100.0,1082.5833269794257,6.268180519781329,0.0008100000000000001
186,1099.0,239.2363783121109,791.6279296875,98.51651215553284,99.87443107366562,95.53991130739885,100.0,1083.2665126288568,6.914453986837191,0.0008100000000000001
187,1199.0,235.3424814939499,810.5758056640625,98.57189255952835,99.88315033912659,95.82939536893147,100.0,1084.1324125160736,9.58436836008358,0.0008100000000000001
188,1299.0,230.9911197423935,775.5426635742188,98.57184761762619,99.90130358934402,95.55379495274013,100.0,1084.8886832783612,6.685222817462541,0.0008100000000000001
189,1399.0,236.67138135433197,819.46875,98.55735838413239,99.86266607046127,95.82713953050259,100.0,1085.2892048622314,15.31860517103618,0.0008100000000000001
190,1499.0,228.61593616008759,866.92578125,98.75016897916794,99.89193534851074,95.8348830041186,100.0,1085.880814313733,10.82532967098815,0.0008100000000000001
191,1599.0,235.3588765859604,827.1633911132812,98.49471378326416,99.86833661794662,95.87704592287268,100.0,1086.3002022356557,24.603290056486955,0.0008100000000000001
192,1699.0,239.7827287912369,826.3566284179688,98.67431116104126,99.8508602976799,95.7786597945108,100.0,1086.9738450828638,12.451079924672793,0.0008100000000000001
193,1799.0,235.38853454589847,793.9202270507812,98.60622209310532,99.86130100488663,95.66582423468572,100.0,1087.5903374394989,20.254758862942708,0.0008100000000000001
194,1899.0,242.38591158390045,781.9532470703125,98.51363956928253,99.86777567863464,95.8085087534741,100.0,1088.1740220150168,12.442017249750423,0.0008100000000000001
195,1999.0,233.7626090049744,823.9482421875,98.57754892110825,99.89499604701996,95.47147885312889,100.0,1088.9005579673592,10.177812235061127,0.0008100000000000001
196,2099.0,231.53335380554202,824.2869262695312,98.57572704553604,99.88409578800201,95.73344387285925,100.0,1089.491973853831,9.074517607534034,0.0008100000000000001
197,2199.0,237.56823217868805,780.7299194335938,98.5027557015419,99.87334048748016,96.0159256845894,100.0,1090.1874992056398,5.004918710213529,0.0008100000000000001
198,2299.0,228.439847946167,809.2325439453125,98.51586699485779,99.87578320503235,95.92672846008459,100.0,1091.021903267279,21.373950856075627,0.0008100000000000001
199,2399.0,244.9816195964813,818.2619018554688,98.4047846198082,99.87098997831345,95.62826883809679,100.0,1091.598938557282,9.74733171288022,0.0008100000000000001
200,2499.0,237.75029516220093,786.532958984375,98.44408011436462,99.87164968252182,95.99919155391702,100.0,1092.202072012866,5.985918572722201,0.0008100000000000001
201,2599.0,237.0602344274521,824.248046875,98.57707476615906,99.88217890262604,95.76077598352532,100.0,1092.8761663435205,9.318302587357188,0.0008100000000000001
202,2699.0,236.04727077484128,787.3776245117188,98.57903599739075,99.88557577133179,95.84568055552886,100.0,1093.4138083841417,14.046068057722664,0.0008100000000000001
203,2799.0,242.5898772478104,817.0379028320312,98.53764480352402,99.87050372362137,95.46925018863928,100.0,1093.8249285801069,15.932798387960178,0.0008100000000000001
204,2899.0,242.29121553897858,812.9285888671875,98.53285759687424,99.89292097091675,95.57391900456717,99.95833333333334,1094.3609848244812,27.63719025533885,0.0008100000000000001
205,2999.0,244.7120893001556,787.0228881835938,98.47062695026398,99.88503468036652,96.0381546887576,100.0,1094.8709510731098,9.267754944185222,0.0008100000000000001
206,3099.0,245.45381379127505,780.4312744140625,98.43527907133102,99.86674475669861,95.79673701088353,100.0,1095.685609928598,8.009950532192645,0.0008100000000000001
207,3199.0,244.26284897327423,868.1918334960938,98.52457821369171,99.8499066233635,96.05497442934532,100.0,1096.5566185401783,15.744254173996211,0.0008100000000000001
208,3299.0,245.29419195652008,881.7149658203125,98.44409519433975,99.8734530210495,95.92230656422464,100.0,1097.3313849481815,79.32703260323899,0.0008100000000000001
209,3399.0,240.19960069656375,832.9927978515625,98.55153691768646,99.87970906496048,95.5966589644616,100.0,1098.1816150617221,13.7075340514778,0.0008100000000000001
210,3499.0,235.3281365633011,777.7777709960938,98.48285573720932,99.87909078598022,95.71676918890344,100.0,1098.7541893126988,5.241256787325248,0.0008100000000000001
211,3599.0,233.1603935956955,848.0283203125,98.4254133105278,99.8647141456604,95.8804356712075,100.0,1099.4937855390533,14.867031457830384,0.0008100000000000001
212,3699.0,239.0308961868286,798.2484741210938,98.42546713352203,99.87039285898209,95.50948559015887,100.0,1100.1433858313508,18.768074143229143,0.0008100000000000001
213,3799.0,234.84809243679047,805.2277221679688,98.51422202587128,99.88178563117981,95.82081437255903,100.0,1100.6363882084984,31.761659926109676,0.0008100000000000001
214,3899.0,232.33627545833588,850.12353515625,98.53553253412247,99.8682890534401,96.1220292233045,100.0,1101.2152050986933,12.893524175043035,0.0008100000000000001
215,3999.0,238.70714604854584,828.8935546875,98.60177075862885,99.8544231057167,95.81951850504228,100.0,1101.5997901879914,8.970305277049606,0.0008100000000000001
216,4099.0,232.5926728248596,845.1183471679688,98.41533863544464,99.85569339990616,96.11573846589563,100.0,1102.3284849834956,41.37842639581513,0.0008100000000000001
217,4199.0,241.89964389801025,894.763671875,98.59052640199661,99.89025384187698,95.6444663330466,100.0,1102.834155231749,14.098115365264448,0.0008100000000000001
218,4299.0,241.73418474197388,811.0148315429688,98.28893929719925,99.88189941644669,95.67896851732394,100.0,1103.4041270924577,8.436269144575405,0.0008100000000000001
219,4399.0,237.98563408851626,828.7714233398438,98.50881832838058,99.86430585384369,96.22495902707057,100.0,1103.7630228507219,8.965855894153119,0.0008100000000000001
220,4499.0,251.40436232089996,854.9918212890625,98.4008162021637,99.87496340274811,95.62203867897222,100.0,1104.3169608057776,14.524314507015186,0.0008100000000000001
221,4599.0,242.7454272508621,804.4456787109375,98.47966903448105,99.84509611129761,95.64046663584884,100.0,1104.6188462807413,10.96949382013142,0.0008100000000000001
222,4699.0,238.78368234634397,812.8465576171875,98.5132640004158,99.87126731872559,95.93234671377107,100.0,1105.3283186389633,32.601592825937395,0.0008100000000000001
223,4799.0,238.0172007083893,833.8386840820312,98.44585353136063,99.87039715051651,95.77145077634442,100.0,1105.867953607193,11.737584857075491,0.0008100000000000001
224,4899.0,245.51737129688266,827.2359619140625,98.38660115003586,99.86844891309738,95.58186522766421,100.0,1106.4576173042183,7.364910655327501,0.0008100000000000001
225,4999.0,242.37684857845306,813.4699096679688,98.44030046463013,99.89486491680145,95.55531875299803,100.0,1107.0211153263404,7.244154381607746,0.0008100000000000001
226,5099.0,239.25721681118011,797.148193359375,98.46210217475891,99.86118024587631,95.52649276684342,100.0,1107.5776145238344,13.078125058190102,0.0008100000000000001
227,5199.0,238.36752867698667,804.7626953125,98.51073199510574,99.85273092985153,95.84779053421742,100.0,1108.1603072726045,56.78050815435522,0.0008100000000000001
228,5299.0,243.00008809566495,808.9505004882812,98.46010708808899,99.84597671031952,95.96163125899423,100.0,1108.812650498385,9.823289543810601,0.0008100000000000001
229,5399.0,228.51190197467807,809.4361572265625,98.4767090678215,99.87437516450882,95.80077841436093,100.0,1109.3845703363534,12.382709168673168,0.0008100000000000001
230,5499.0,241.49688768386838,793.6051635742188,98.46081030368805,99.87323653697968,95.71550595167002,100.0,1109.7211107236596,11.19187021212242,0.0008100000000000001
231,5599.0,232.7620791196823,816.1674194335938,98.48478466272354,99.86883676052094,95.88934827176672,100.0,1110.4843505058475,14.733638714224723,0.0008100000000000001
232,5699.0,234.91477656364438,801.8998413085938,98.42996150255203,99.8754255771637,95.91966554670357,100.0,1111.2510869853845,48.65663166487883,0.0008100000000000001
233,5799.0,239.91723859310153,812.2113037109375,98.49164634943008,99.88651436567307,95.98302269980289,100.0,1111.937926066309,13.514510875946332,0.0008100000000000001
234,5899.0,240.92351949214935,813.7667236328125,98.41701501607895,99.8312474489212,95.6480142488334,100.0,1112.6109556990236,9.174884777296372,0.0008100000000000001
235,5999.0,240.137344956398,784.480224609375,98.47157514095306,99.88135850429535,95.7218334499696,100.0,1112.9455234180662,11.36684280812039,0.0008100000000000001
236,6099.0,242.9538198709488,801.8248901367188,98.41800099611282,99.88812333345413,95.56127638994778,100.0,1113.624145031008,12.188788376109892,0.0008100000000000001
237,6199.0,236.30480468273163,829.0541381835938,98.47014057636261,99.8497189283371,95.87406595494626,100.0,1113.9615398138103,10.873466567933344,0.0008100000000000001
238,6299.0,242.2773362398148,807.5223999023438,98.5821304321289,99.89239513874054,95.32177846632771,100.0,1114.4218094249754,10.429165945952436,0.0008100000000000001
239,6399.0,245.81311106681824,815.9335327148438,98.40123015642166,99.83928155899048,95.59253406135053,100.0,1115.0646246505157,11.815183420018744,0.0008100000000000001
240,6499.0,233.6021419763565,782.3087158203125,98.4449480175972,99.86652094125748,96.0308397152913,100.0,1115.49259001989,9.81197217846121,0.0008100000000000001
241,6599.0,236.74665129184723,840.29638671875,98.33610504865646,99.8728369474411,95.66328659841945,100.0,1115.9972893676568,16.147726336771182,0.0008100000000000001
242,6699.0,235.53025209903717,822.7088012695312,98.41701555252075,99.87698447704315,95.97096525461386,100.0,1116.80510299278,10.041525430068715,0.0008100000000000001
243,6799.0,234.97976636886597,817.402587890625,98.43256270885468,99.89107912778854,96.02746272078281,100.0,1117.4264745537248,11.706062265102057,0.0008100000000000001
244,6899.0,227.20483100414276,813.1947631835938,98.61162918806076,99.8787784576416,95.8779790921045,100.0,1117.8441268554923,14.593184877598075,0.0008100000000000001
245,6999.0,242.55433332920074,794.085205078125,98.41874957084656,99.86909431219101,95.8269088215346,100.0,1118.160162194447,16.594402873610296,0.0008100000000000001
246,7099.0,235.98867535591123,786.908203125,98.47414952516556,99.8821724653244,95.69427474379923,100.0,1118.668588868858,17.400421418496936,0.0008100000000000001
247,7199.0,243.82146406173706,834.8972778320312,98.44695258140564,99.88052546977997,95.89381146933823,100.0,1119.3639868701819,10.235870612347968,0.0008100000000000001
248,7299.0,230.86210012435916,815.9439086914062,98.53566181659698,99.89419740438461,95.74400668999262,100.0,1119.6737271311838,9.864012071240055,0.0008100000000000001
249,7399.0,222.17029786109924,841.46337890625,98.5661233663559,99.8815610408783,96.06060801602689,100.0,1120.2873620752268,15.08215894304163,0.0008100000000000001
250,7499.0,236.98651337623596,841.5941772460938,98.44180542230606,99.8452719449997,95.59190858780337,100.0,1121.2799329891564,10.841207863046249,0.0008100000000000001
251,7599.0,230.979350566864,810.2041015625,98.56579095125198,99.87373346090317,96.09853346252079,100.0,1121.8364907506632,11.587290621446758,0.0008100000000000001
252,7699.0,245.19915378093717,803.3453979492188,98.34799045324326,99.86976104974747,95.4807407413621,100.0,1122.3010542926097,10.419210578665616,0.0008100000000000001
253,7799.0,238.94263219833377,825.4957275390625,98.47701573371887,99.86096858978271,95.84889137795297,100.0,1122.759500398764,10.808898111347325,0.0008100000000000001
254,7899.0,240.73088920116425,808.9456787109375,98.52431052923203,99.86751729249954,95.61319301946516,100.0,1123.2447116377077,8.70438204434329,0.0008100000000000001
255,7999.0,232.03723192214966,814.9044799804688,98.46327948570251,99.86640441417694,95.70474312575695,100.0,1123.7773331683334,16.569842654218633,0.0008100000000000001
256,8099.0,236.4208450317383,836.3492431640625,98.43479228019714,99.86127692461014,95.96873581115698,100.0,1124.5530948828841,36.67855467035039,0.0008100000000000001
257,8199.0,241.0738716125488,890.6861572265625,98.47481197118759,99.85637336969376,95.81657771174172,100.0,1125.2013026053644,13.891919638284929,0.0008100000000000001
258,8299.0,238.01024138927457,820.4984741210938,98.47066640853882,99.85209345817566,95.8274614784967,100.0,1125.7697267040571,70.57856150837608,0.0008100000000000001
259,8399.0,244.3802478313446,823.6300048828125,98.38460457324982,99.8688513636589,95.59220702848819,100.0,1126.6087363263257,10.083616881887767,0.0008100000000000001
260,8499.0,256.47352290153503,795.6578369140625,98.30436313152313,99.8852401971817,95.34727625718743,100.0,1127.7570055353658,17.171345262667813,0.0008100000000000001
261,8599.0,234.3001049757004,833.646484375,98.49838334321976,99.86848312616348,95.86088669004025,100.0,1128.0710518355104,10.890513345808275,0.0008100000000000001
262,8699.0,246.36668181419373,851.8189697265625,98.40975368022919,99.8588000535965,95.84592120500321,100.0,1128.9104268734536,9.47643272282386,0.0008100000000000001
263,8799.0,235.85583639144895,808.9784545898438,98.57900279760361,99.8795422911644,95.65327201201798,100.0,1129.241785264543,12.27412350931577,0.0008100000000000001
264,99.0,233.0060147047043,814.8318481445312,98.6793521642685,99.90173304080963,95.85336144319282,100.0,1130.228730739729,18.223186994738185,0.000729
265,199.0,221.17431390285495,806.4569702148438,98.84916824102402,99.92409098148346,95.49852461262938,100.0,1130.589396248185,6.34142062392489,0.000729
266,299.0,230.08558678627017,778.7955932617188,98.72905051708221,99.9105173945427,95.67272635143122,100.0,1131.0429765186805,6.568009225568235,0.000729
267,399.0,215.71391654014587,819.1586303710938,98.9374287724495,99.9199116230011,96.15638208317691,100.0,1131.4871645661863,7.746607555013982,0.000729
268,499.0,221.05063199996948,817.8302612304688,98.77853834629059,99.92123734951019,95.94460821511898,100.0,1131.9517242031357,9.262894722477748,0.000729
269,599.0,224.66443109512332,785.3470458984375,98.7597433924675,99.87990832328796,95.79337304398257,100.0,1132.5233038566516,11.900855456369902,0.000729
270,699.0,222.0642831325531,811.7986450195312,98.82878160476685,99.91614091396332,95.71422466277085,100.0,1133.1573394738155,7.959190363065415,0.000729
271,799.0,224.54921340942383,802.9384765625,98.79648393392563,99.91785365343094,95.88446333309697,100.0,1133.9095279698113,24.223516229044083,0.000729
272,899.0,227.9193632602692,784.1078491210938,98.75300443172455,99.8973063826561,95.45805416201775,100.0,1134.3185333638523,8.508476687308589,0.000729
273,999.0,235.91556370258334,812.5173950195312,98.68409371376038,99.89808887243271,95.84806980131917,100.0,1134.8062285069461,7.191404622783248,0.000729
274,1099.0,227.70782124996188,796.6618041992188,98.75075417757034,99.90288490056992,95.78129247753441,100.0,1135.5290379256041,32.009098821848426,0.000729
275,1199.0,222.11938560009003,789.1325073242188,98.80069106817245,99.90427720546722,96.025864138433,100.0,1136.0697833063641,8.7345352274682,0.000729
276,1299.0,228.40594601631165,792.1974487304688,98.8757147192955,99.9036637544632,95.66859060046774,100.0,1136.3576696700654,11.966399380497643,0.000729
277,1399.0,225.7123304605484,841.8404541015625,98.75443989038467,99.90227967500687,96.08744077889784,100.0,1136.9748910881942,12.699578096361101,0.000729
278,1499.0,220.96628892421722,869.7566528320312,98.70429277420044,99.90298146009445,96.39041347859418,100.0,1137.4569203662134,12.026677968747226,0.000729
279,1599.0,221.9421842098236,860.4832153320312,98.85541528463364,99.9136933684349,96.09963459224477,100.0,1137.9075493726675,36.479445366869996,0.000729
280,1699.0,233.6306037902832,836.9153442382812,98.74186396598816,99.90296775102615,95.71306291673928,100.0,1138.3694390076816,18.06764143829133,0.000729
281,1799.0,225.85147273540497,831.1156616210938,98.74287223815918,99.90996998548508,95.99417961456727,100.0,1138.976581904267,10.59219102163811,0.000729
282,1899.0,232.48307955265045,834.2737426757812,98.74622982740402,99.89812922477722,95.95979023568826,100.0,1139.710431344636,8.72191228963086,0.000729
283,1999.0,226.0799837112427,783.3648681640625,98.74216067790985,99.88991987705231,96.10251786193406,100.0,1140.1059566586273,9.092037699160707,0.000729
284,2099.0,223.46633207798004,806.1261596679688,98.78960883617401,99.904700756073,95.77595406114169,100.0,1140.6861537055784,24.312483094169743,0.000729
285,2199.0,228.2120577096939,809.4357299804688,98.71562474966049,99.89635407924652,95.58351706604515,100.0,1141.2504234383211,22.079809488253957,0.000729
286,2299.0,224.92137718200684,816.1005859375,98.75908476114273,99.89692395925522,95.64382359308746,100.0,1141.7390359011974,6.870409289551178,0.000729
287,2399.0,227.70516324043274,832.2294921875,98.65704143047333,99.91986674070358,95.71831859626819,100.0,1142.4591178929275,10.920082714225998,0.000729
288,2499.0,228.61152923107147,774.8991088867188,98.71026802062988,99.89274144172668,95.647252278019,100.0,1142.8882315599697,12.53581409063161,0.000729
289,2599.0,231.18316292762756,873.2415161132812,98.71340119838715,99.9125799536705,95.5412008225214,100.0,1143.3776384225648,17.709840107728326,0.000729
290,2699.0,233.99557554721832,847.7874145507812,98.6039691567421,99.86215406656265,95.43556853750653,100.0,1144.0190023839316,32.840630510642214,0.000729
291,2799.0,234.35663068294525,840.5099487304688,98.61984902620316,99.90909898281097,95.56087743452437,100.0,1144.2662181583878,14.236194607337676,0.000729
292,2899.0,220.54178309440613,838.3471069335938,98.70144033432007,99.89005434513092,95.8625152110843,100.0,1145.0003853663002,12.084745887865521,0.000729
293,2999.0,227.22939646244046,794.560302734375,98.68767660856247,99.9216775894165,96.1277650010512,100.0,1145.729204577632,19.073730115311506,0.000729
294,3099.0,233.18600797653198,796.5341796875,98.63033300638199,99.89892387390137,95.83128148634356,100.0,1146.1946571480814,17.706551535555302,0.000729
295,3199.0,225.22803688049316,819.43408203125,98.5913160443306,99.91723549365997,95.97909638473625,100.0,1146.4801876731062,9.295752594993141,0.000729
296,3299.0,231.3198219537735,816.5330200195312,98.64798301458359,99.9163858294487,95.59598055685971,100.0,1147.308190744116,13.385114039854681,0.000729
297,3399.0,227.4198260307312,811.5167236328125,98.73674213886261,99.92352944612503,95.86077487104714,100.0,1147.6771770242615,13.215398265837965,0.000729
298,3499.0,235.59114158153537,794.6000366210938,98.67659306526184,99.9045392870903,95.48266774279617,100.0,1148.220045144755,9.552157933756448,0.000729
299,3599.0,239.10823893547058,797.0409545898438,98.66467279195786,99.9068210721016,95.72539740177024,100.0,1148.7831027002928,24.111870067773612,0.000729
300,3699.0,234.09914386272433,819.1240844726562,98.66331738233566,99.90984851121902,95.62254195022958,100.0,1149.5740981073432,47.36433887863178,0.000729
301,3799.0,222.40867114067075,819.5702514648438,98.7731202840805,99.89379054307938,95.79478312757286,100.0,1149.8997144940863,9.20991243143186,0.000729
302,3899.0,227.06753790378568,820.5726928710938,98.65471297502518,99.87937706708908,95.98680849153686,100.0,1150.3173165202954,13.7755320029585,0.000729
303,3999.0,234.53424191474915,859.30078125,98.63951641321182,99.90117067098618,95.98975272780568,100.0,1150.7538424070294,16.728153707531437,0.000729
304,4099.0,229.7648079395294,813.0311279296875,98.71571880578995,99.91578751802444,95.6655837245323,100.0,1151.1440965904374,13.183633708551113,0.000729
305,4199.0,229.11795115470886,818.3471069335938,98.69485974311829,99.88475894927979,95.82973274884642,100.0,1151.5628947377575,15.077007014045995,0.000729
306,4299.0,226.4559112787247,819.1547241210938,98.79074710607529,99.88673567771912,95.50297419201794,100.0,1151.9696205796138,14.605984997194449,0.000729
307,4399.0,236.59060871601105,866.3214111328125,98.58831757307053,99.88738709688187,95.74522829080462,100.0,1152.6965984678436,23.446588221856313,0.000729
308,4499.0,227.323961019516,816.2000122070312,98.67401683330536,99.90654158592224,95.76039061148414,100.0,1153.1871937624094,10.85898595542061,0.000729
309,4599.0,231.44241213798523,812.1884155273438,98.55072796344757,99.88010865449905,95.75922455230435,100.0,1153.550461993942,8.9007780552015,0.000729
310,4699.0,240.87971460819247,815.6897583007812,98.64637744426727,99.90575444698334,95.78697817882494,100.0,1154.410762511102,9.958956364494682,0.000729
311,4799.0,229.61140310764313,819.9361572265625,98.59552448987961,99.89094811677933,96.12075704089894,100.0,1154.9362280999335,8.674944127503341,0.000729
312,4899.0,232.44501149654386,824.3108520507812,98.62632739543915,99.88411408662796,95.57583114324497,100.0,1155.578326965561,11.161227430818752,0.000729
313,4999.0,233.55011320114136,813.1817626953125,98.6788021326065,99.89490413665771,95.69262125652102,100.0,1156.0963502254633,56.22285423692353,0.000729
314,5099.0,231.03161311149597,830.5997924804688,98.5978010892868,99.89053857326508,95.83279398946883,100.0,1156.5034092727954,15.367371796840484,0.000729
315,5199.0,235.5497974157333,809.8063354492188,98.6990230679512,99.88551646471024,95.40314227841004,100.0,1156.9004091534314,10.602830301434214,0.000729
316,5299.0,241.74546325206757,797.4105834960938,98.60290825366974,99.87032794952393,95.87263480774452,100.0,1157.3453346689807,9.117072230234307,0.000729
317,5399.0,231.28974509239194,830.5885009765625,98.62960225343704,99.90616583824158,95.55724806523159,100.0,1157.977158780071,12.814174984709098,0.000729
318,5499.0,222.16520857810974,804.8490600585938,98.62867969274521,99.90763384103775,96.18428916642127,100.0,1158.5669000842997,10.26597147249801,0.000729
319,5599.0,229.59633910655975,803.9552612304688,98.68496733903885,99.90427267551422,95.73047405905523,100.0,1159.0502650677236,10.11273886189507,0.000729
320,5699.0,224.32540786266327,848.7443237304688,98.77468091249466,99.89481085538864,95.86606871505731,100.0,1159.439772747033,15.03304909999474,0.000729
321,5799.0,236.94922578334808,829.6188354492188,98.64091819524765,99.91402637958527,95.41976225862986,100.0,1159.9879357021584,26.621651424752155,0.000729
322,5899.0,221.71103179454806,813.6708374023438,98.77910906076431,99.89331012964249,96.02290905472884,100.0,1160.231745279568,12.832977546033622,0.000729
323,5999.0,226.73609268665317,819.8702392578125,98.62153041362762,99.89639347791672,95.95451383682537,100.0,1160.5334320902803,10.309609984555108,0.000729
324,6099.0,247.27547872066498,797.2977905273438,98.68490886688232,99.91150814294815,95.60444028749973,100.0,1161.2508823723012,8.900192817032181,0.000729
325,6199.0,229.83269584178925,814.0567626953125,98.74358278512955,99.88892710208893,95.87396821418015,100.0,1161.9314140257154,8.63722401087662,0.000729
326,6299.0,235.36153399944305,775.3932495117188,98.6147809624672,99.90167725086212,95.70043776560293,100.0,1162.5622965517798,15.105489215163082,0.000729
327,6399.0,230.81539344787595,789.0337524414062,98.71199470758438,99.90206688642502,95.73415799579836,100.0,1162.8636893390626,16.74076047157665,0.000729
328,6499.0,232.15555930137634,803.4752807617188,98.63439518213272,99.898854970932,95.83442680506813,100.0,1163.1265730873938,8.647276232689292,0.000729
329,6599.0,237.68731224536896,801.8004760742188,98.62247157096863,99.8998886346817,95.65944259941365,100.0,1163.750205226444,21.860594402629726,0.000729
330,6699.0,232.08752822875977,819.6563720703125,98.70541656017303,99.88902670145035,95.72540642598489,100.0,1164.068237222678,5.419845525331139,0.000729
331,6799.0,232.7137837409973,817.06982421875,98.65542423725128,99.93319803476334,95.71010640049019,100.0,1164.6089884968835,53.97172337878221,0.000729
332,6899.0,233.55330657958984,805.5137329101562,98.59952992200851,99.89512598514557,95.87820858863414,100.0,1165.0637276870289,5.2356750336796445,0.000729
333,6999.0,224.2040479183197,805.6034545898438,98.71425604820251,99.88375222682953,95.94836233537167,100.0,1165.3888911342594,10.516617974116667,0.000729
334,7099.0,240.1229385137558,777.8240966796875,98.66804194450378,99.90393376350403,95.84955200891034,100.0,1165.709858895317,8.120827419105874,0.000729
335,7199.0,224.3657534122467,793.4617309570312,98.72479212284088,99.88593423366547,96.07061816749606,100.0,1166.087532918081,16.11380962068237,0.000729
336,7299.0,231.79527699947354,815.978515625,98.56218183040619,99.88270330429077,95.43225322219165,100.0,1166.7087355156334,9.53929092738252,0.000729
337,7399.0,235.4482711553574,837.1497192382812,98.58723902702332,99.88407802581787,95.90111721771768,100.0,1167.0803769918039,15.325856808496347,0.000729
338,7499.0,238.6396940946579,773.09033203125,98.58463168144226,99.91408437490463,95.30329535185,100.0,1167.475326517157,25.106550245087167,0.000729
339,7599.0,233.98523426055905,785.6110229492188,98.69946205615997,99.87671673297882,95.78577799477864,100.0,1168.2552476504443,8.008930218726,0.000729
340,7699.0,233.53254663944244,823.1329345703125,98.58256512880325,99.89312106370926,95.87378619170643,100.0,1169.125357716424,14.916979028107423,0.000729
341,7799.0,244.55559086799622,788.8216552734375,98.59691333770752,99.88919615745544,95.26349682513134,100.0,1169.6767160752183,15.183962348130317,0.000729
342,7899.0,228.74597012996674,848.0234375,98.61733448505402,99.90043097734451,95.7206099789369,100.0,1170.203456000386,10.963140222377504,0.000729
343,7999.0,232.22847366333008,772.3797607421875,98.53558206558228,99.88584017753601,95.44564756141594,100.0,1170.9470563750094,11.371081804119537,0.000729
344,8099.0,235.10686683654788,867.4114379882812,98.66829341650009,99.90062212944031,95.81501765141314,100.0,1171.4553549841821,11.827107098496368,0.000729
345,8199.0,228.98847711086273,817.8157348632812,98.63438713550568,99.87749254703522,95.60554857111603,100.0,1172.0704770233533,13.982280874848298,0.000729
346,8299.0,228.30381703376773,811.5136108398438,98.70811796188354,99.88488757610321,95.5445385205742,100.0,1172.3550363416011,7.690975294455298,0.000729
347,8399.0,236.42361307144165,829.7926025390625,98.5801722407341,99.88885921239853,95.67144929052483,100.0,1173.030556071503,19.817791206862616,0.000729
348,8499.0,236.0709491968155,801.3005981445312,98.59015548229218,99.88021397590637,95.85578191174034,100.0,1173.440968102911,13.37645740867683,0.000729
349,8599.0,234.05484306812286,839.6793823242188,98.59015208482742,99.90562719106674,95.62463922231468,100.0,1173.8712150144665,12.988123203919567,0.000729
350,8699.0,226.2834913730621,822.4706420898438,98.62226641178131,99.88966518640518,95.78218862986365,100.0,1174.3086657766648,26.873295390772828,0.000729
351,8799.0,229.74104356765744,834.9244384765625,98.56987780332565,99.88383960723877,96.1767225751712,100.0,1174.810616316443,9.075182817366782,0.000729
352,99.0,218.82036137580872,816.7000732421875,98.88093620538712,99.92064034938812,95.94690232922522,100.0,1175.571979049663,5.791990079282754,0.0006561000000000001
353,199.0,221.35716271400452,858.7218017578125,98.82801115512848,99.91726464033127,95.81376303589451,100.0,1176.0098011790026,19.758369271087677,0.0006561000000000001
354,299.0,217.3364863395691,811.5167236328125,98.94308567047119,99.92226934432983,95.78046755384963,100.0,1176.2997032367593,14.496794478264944,0.0006561000000000001
355,399.0,220.615639090538,834.5463256835938,98.92685544490814,99.93348228931427,95.65642643710814,100.0,1176.9074630707191,13.152818401248508,0.0006561000000000001
356,499.0,222.06699800491333,831.67578125,98.96842676401138,99.93731307983398,95.48893125790607,100.0,1177.3997724833798,8.47965111023662,0.0006561000000000001
357,599.0,217.75925028324127,833.1485595703125,98.88576328754425,99.91729247570038,96.06819067801491,100.0,1177.9344933427099,10.502481983626662,0.0006561000000000001
358,699.0,222.55410993099213,800.4512329101562,99.02782016992569,99.92603123188019,95.78897033445672,100.0,1178.5442799944835,6.248558298404749,0.0006561000000000001
359,799.0,230.9031946659088,823.9401245117188,98.86624503135681,99.90448582172394,95.50044884590267,100.0,1179.009158994901,22.499302189269542,0.0006561000000000001
360,899.0,213.6450914144516,817.4299926757812,98.99853605031967,99.92399400472641,95.70686096435992,100.0,1179.3213672157133,14.177620195211583,0.0006561000000000001
361,999.0,220.114318728447,834.0379028320312,98.91150605678558,99.92595893144608,95.81394288921965,100.0,1179.796390230026,12.620840356786276,0.0006561000000000001
362,1099.0,225.25106632709503,793.5670776367188,98.83198410272598,99.90719485282898,95.76640460503333,100.0,1180.1366190727003,15.907566595134,0.0006561000000000001
363,1199.0,209.92949867248535,832.8297729492188,98.92653620243073,99.93011397123337,96.042169783488,100.0,1180.5281496181867,8.499693088217574,0.0006561000000000001
364,1299.0,227.35321724414828,839.2636108398438,98.77804642915726,99.91195571422577,95.53617623217923,100.0,1180.877225540117,10.468252520689207,0.0006561000000000001
365,1399.0,222.611492395401,814.8905639648438,98.91138345003128,99.91380733251572,95.53350143091595,100.0,1181.1652809709228,13.69506328949748,0.0006561000000000001
366,1499.0,216.98589658737183,807.2030639648438,98.83580708503723,99.90749543905258,96.00093843322155,100.0,1181.7898530256991,9.632886308933356,0.0006561000000000001
367,1599.0,223.41317427158356,813.138671875,98.80553025007248,99.90269446372986,95.97323491569219,100.0,1182.1452129901124,16.638758129704517,0.0006561000000000001
368,1699.0,218.20772290229797,796.5509643554688,98.98638355731964,99.91435515880585,95.67065270159537,100.0,1182.3130162794819,8.4127870033338,0.0006561000000000001
369,1799.0,225.18281078338623,809.4375,98.89819240570068,99.91553193330765,95.6929310879287,100.0,1182.7480761015154,8.71685965838203,0.0006561000000000001
370,1899.0,224.71965634822845,827.3287353515625,98.87743490934372,99.91788071393967,95.77174413951214,100.0,1183.1198336490843,25.427358781517842,0.0006561000000000001
371,1999.0,218.92115223407745,791.6921997070312,98.84767025709152,99.9211276769638,95.768988531646,100.0,1183.518440093431,8.994108575942104,0.0006561000000000001
372,2099.0,229.16131722927094,851.4909057617188,98.92673951387405,99.91258263587952,95.8896985850721,100.0,1183.9124414782957,9.025157037593308,0.0006561000000000001
373,2199.0,226.36207914352417,836.5383911132812,98.89415234327316,99.9112988114357,95.71354654395478,100.0,1184.455632358979,11.611107763924924,0.0006561000000000001
374,2299.0,212.7699134349823,848.8396606445312,98.99817228317261,99.90886330604553,96.00346964256511,100.0,1184.706282433971,18.362475015057232,0.0006561000000000001
375,2399.0,226.45760071277618,810.7587280273438,98.91167843341827,99.91679590940475,95.74742976820546,100.0,1185.3022437812338,13.83486474582122,0.0006561000000000001
376,2499.0,228.2654163837433,820.0597534179688,98.83100986480713,99.92829966545105,95.80621530920149,100.0,1185.8618955309478,9.635687879241194,0.0006561000000000001
377,2599.0,222.49840080738065,810.5759887695312,98.87011873722076,99.92109900712967,95.83650858579813,100.0,1186.219759331127,23.498771367224535,0.0006561000000000001
378,2699.0,220.67646861076352,828.1868286132812,98.92147099971771,99.93990588188171,96.11514805365144,100.0,1186.601265390452,16.714016760822137,0.0006561000000000001
379,2799.0,231.20685636997226,830.8500366210938,98.71169984340668,99.91541302204132,95.58619536559226,100.0,1186.998935048783,22.01410110858916,0.0006561000000000001
380,2899.0,220.68726623058322,823.3334350585938,98.84530180692673,99.90380412340164,95.81553110024075,100.0,1187.7060904901168,12.623522946992201,0.0006561000000000001
381,2999.0,218.93468534946442,808.3012084960938,98.85347425937653,99.92689746618271,95.80152128938352,100.0,1188.4976988606954,4.9307391238300555,0.0006561000000000001
382,3099.0,224.73481583595273,815.08544921875,98.82087922096252,99.89550364017487,95.71803454329309,100.0,1188.7665882660235,13.015663500333739,0.0006561000000000001
383,3199.0,231.94676566123965,778.630859375,98.80499458312988,99.91920292377472,95.3706979081742,100.0,1189.02216225991,82.52255252607762,0.0006561000000000001
384,3299.0,214.57486963272095,780.0524291992188,98.79368603229523,99.92871969938278,96.20439563761147,100.0,1189.3836471953234,7.515056000188297,0.0006561000000000001
385,3399.0,225.76796460151672,777.797607421875,98.79356759786606,99.90984839200974,95.81264803077632,100.0,1189.796066299795,12.625375174629978,0.0006561000000000001
386,3499.0,231.3414752483368,781.2680053710938,98.78622424602509,99.89242428541183,95.55531351525455,100.0,1190.4671289709436,15.058374926488852,0.0006561000000000001
387,3599.0,219.24626469612122,800.2282104492188,98.8140161037445,99.92043668031693,95.54979535107498,100.0,1190.9933905706787,7.812926992870001,0.0006561000000000001
388,3699.0,220.1318517923355,800.45751953125,98.87812292575836,99.92561328411102,95.98598155992084,100.0,1191.319290462383,7.222871286833444,0.0006561000000000001
389,3799.0,218.3410403728485,770.2001953125,98.8576323390007,99.9115417599678,95.95075381115942,100.0,1191.7473056578226,10.855886917849306,0.0006561000000000001
390,3899.0,229.87536895275116,786.5890502929688,98.79882967472076,99.91613930463791,95.49856914707074,100.0,1192.108588251856,8.01882370677713,0.0006561000000000001
391,3999.0,218.8738840818405,812.2033081054688,98.8370373249054,99.91209560632706,95.76841858895243,100.0,1192.426398071306,15.384130937483562,0.0006561000000000001
392,4099.0,227.0602011680603,809.0310668945312,98.74428200721741,99.91613256931305,95.46897617540411,100.0,1192.812295319778,10.87632940865092,0.0006561000000000001
393,4199.0,230.96526610851288,805.26611328125,98.75534582138062,99.91363817453384,95.66382962356577,100.0,1193.155329303925,39.322839462075216,0.0006561000000000001
394,4299.0,226.93161749839783,802.9161987304688,98.73318201303482,99.91319954395294,95.89527879532318,100.0,1193.5054467841453,8.376202197609237,0.0006561000000000001
395,4399.0,214.90997600555423,820.5201416015625,98.79803723096848,99.91351425647736,95.95873329836694,100.0,1193.7953337408246,17.693165519407053,0.0006561000000000001
396,4499.0,219.46433973312378,769.623046875,98.91570460796356,99.93774425983429,95.97661726386832,100.0,1194.0287940567723,10.741241987505948,0.0006561000000000001
397,4599.0,237.5225383043289,836.3873291015625,98.82208406925201,99.8917128443718,95.31256432964322,100.0,1194.440584743056,12.831164018436734,0.0006561000000000001
398,4699.0,235.18525528907776,831.9003295898438,98.81062042713165,99.92429739236832,95.70159711690826,100.0,1195.0627999329656,10.654981258592562,0.0006561000000000001
399,4799.0,229.25327098369598,794.3737182617188,98.8569678068161,99.92126935720444,95.85727387739627,100.0,1195.5206142651905,12.279429338407864,0.0006561000000000001
400,4899.0,227.37736570835114,826.4811401367188,98.76673167943954,99.90671861171722,95.70290977113443,100.0,1196.0063285745853,14.444604790470708,0.0006561000000000001
401,4999.0,225.66910374164578,859.0513916015625,98.85748773813248,99.91149455308914,95.71427224513826,100.0,1196.3760989180896,17.160479421878563,0.0006561000000000001
402,5099.0,223.75365257263184,825.0576171875,98.82277846336365,99.94159638881683,96.00244210124542,100.0,1197.00420363375,7.996661714983817,0.0006561000000000001
403,5199.0,213.5491586923599,801.9557495117188,98.86549562215805,99.9249866604805,96.08297712629461,100.0,1197.4069132671573,16.121944539509208,0.0006561000000000001
404,5299.0,219.44407284259796,831.9744262695312,98.8241840004921,99.90651577711105,95.99969281197426,100.0,1197.610195935224,18.427601462773495,0.0006561000000000001
405,5399.0,221.13452422618866,826.8136596679688,98.82277297973633,99.89377897977829,95.8603231421269,100.0,1198.3051781015688,16.643428476485056,0.0006561000000000001
406,5499.0,229.06180274486542,791.1798706054688,98.75559252500534,99.91411626338959,96.00790969560659,100.0,1198.8361342170545,12.395352820943192,0.0006561000000000001
407,5599.0,229.25944781303406,826.4367065429688,98.85534048080444,99.91072368621826,95.58750855018643,100.0,1199.3664986796923,7.049480081793481,0.0006561000000000001
408,5699.0,230.8120929002762,844.94677734375,98.73167133331299,99.90781909227371,95.60027189365809,100.0,1199.8971286459484,10.35614068010232,0.0006561000000000001
409,5799.0,224.86719679832458,817.9974975585938,98.88422125577927,99.88431721925735,95.77903007024537,100.0,1200.3599976233406,11.934628646230042,0.0006561000000000001
410,5899.0,223.30102527141574,865.41943359375,98.71921235322952,99.89982253313065,96.2503149221909,100.0,1200.6838066065636,14.387662010447002,0.0006561000000000001
411,5999.0,233.8939734697342,823.3425903320312,98.82073509693146,99.91107958555222,95.58182591739724,100.0,1201.0620411609614,9.085550570244745,0.0006561000000000001
412,6099.0,226.21873664855957,820.923828125,98.80822759866714,99.92113643884659,95.62435474155409,100.0,1201.5201203335293,20.787814929950276,0.0006561000000000001
413,6199.0,221.5304480791092,791.0060424804688,98.81413632631302,99.90339696407318,95.82079215587551,100.0,1201.863617364307,10.037680123501932,0.0006561000000000001
414,6299.0,223.55285966396332,860.9988403320312,98.86696821451187,99.91010040044785,95.43610687833723,100.0,1202.1663656779413,18.053195748599975,0.0006561000000000001
415,6399.0,225.28822791576383,810.5841674804688,98.78600299358368,99.92015022039413,95.89626334000484,100.0,1202.840815897641,15.244945266764265,0.0006561000000000001
416,6499.0,226.37773764133456,812.0237426757812,98.8111464381218,99.90124088525772,95.86195337267364,100.0,1203.334098626072,11.928211541455198,0.0006561000000000001
417,6599.0,228.81967532634735,828.0433959960938,98.85064220428467,99.91205888986588,95.61358122542288,100.0,1204.001431110559,7.312435801443477,0.0006561000000000001
418,6699.0,228.2142654657364,843.5908203125,98.75158309936523,99.91367596387863,95.58066524134553,100.0,1204.4242613148945,24.842358815680115,0.0006561000000000001
419,6799.0,225.41578578948975,787.7530517578125,98.90052968263626,99.92135220766068,95.77540638218353,100.0,1204.8777191830163,10.642407792543777,0.0006561000000000001
420,6899.0,228.9810335636139,841.2118530273438,98.75219947099686,99.91431611776352,95.52459737067457,100.0,1205.5231308978562,15.471448721842055,0.0006561000000000001
421,6999.0,222.36670470237732,864.4646606445312,98.88487702608109,99.91843903064728,95.74164184181967,100.0,1205.8612237298385,13.670943406593608,0.0006561000000000001
422,7099.0,217.51539599895477,794.5803833007812,98.80457240343094,99.90995490550995,96.129405806273,100.0,1206.2710269216993,8.908126571102203,0.0006561000000000001
423,7199.0,228.67143249511716,763.487548828125,98.73738873004913,99.91522598266602,95.52653225742779,100.0,1206.790444676272,3.66862895146894,0.0006561000000000001
424,7299.0,225.95243644714355,813.8744506835938,98.70142370462418,99.92158454656601,95.90960723533513,100.0,1207.3572523247174,9.432024755844951,0.0006561000000000001
425,7399.0,230.15129196643832,816.7108764648438,98.7121069431305,99.90835511684418,95.74761354535883,100.0,1207.5817405750324,56.17016234568558,0.0006561000000000001
426,7499.0,225.5994415283203,814.3981323242188,98.79914146661758,99.9227666258812,95.66165101163143,100.0,1208.0545120001086,10.682522437767632,0.0006561000000000001
427,7599.0,217.84118032455444,813.1644897460938,98.84973812103271,99.92505860328674,95.91682370171615,100.0,1208.4844104811662,9.651889896465805,0.0006561000000000001
428,7699.0,232.29843878746036,828.1984252929688,98.8420581817627,99.89462512731552,95.62894791124262,100.0,1208.995627253668,9.488430540570429,0.0006561000000000001
429,7799.0,227.11502587795258,830.4476928710938,98.86975902318954,99.90268528461456,95.87257247661191,100.0,1209.3660387928069,9.896410644510002,0.0006561000000000001
430,7899.0,229.44821178913116,804.2427978515625,98.76773071289062,99.9021607041359,95.64031551512836,100.0,1209.5745218544846,9.364745065377862,0.0006561000000000001
431,7999.0,231.6276580095291,809.2412719726562,98.70307463407516,99.90419960021973,95.52665784895457,100.0,1210.0486668726599,11.391078204799681,0.0006561000000000001
432,8099.0,233.43454360961914,837.7156372070312,98.68247836828232,99.89565682411194,95.54361849722874,100.0,1210.510182717403,11.346600211949252,0.0006561000000000001
433,8199.0,227.7867181301117,816.9176635742188,98.83343189954758,99.92161071300507,95.85110486949867,100.0,1211.1958610234205,9.785002934767393,0.0006561000000000001
434,8299.0,221.230703830719,809.6683959960938,98.81412124633789,99.91814309358597,96.07054281703911,100.0,1211.431786181514,12.050949400237663,0.0006561000000000001
435,8399.0,220.3465135097504,854.8234252929688,98.8614062666893,99.91477918624878,96.18124233167202,100.0,1212.0557561677008,9.225463671187837,0.0006561000000000001
436,8499.0,224.53316473960876,858.2254028320312,98.81153225898743,99.92426949739456,95.91176924015112,100.0,1212.567479743237,10.959976962422418,0.0006561000000000001
437,8599.0,223.12156105041504,800.4135131835938,98.77558869123459,99.92258882522583,95.89342506315863,100.0,1213.1622527083923,9.704865139321122,0.0006561000000000001
438,8699.0,221.58287250995636,819.9342651367188,98.71018028259277,99.91406911611557,95.92447141126227,100.0,1213.776256478843,12.843446155363168,0.0006561000000000001
439,8799.0,229.73969149589539,829.5173950195312,98.77744340896606,99.91321849822998,95.40900576824863,100.0,1214.2746758206267,14.594557399525062,0.0006561000000000001
440,99.0,214.3269263505936,779.635986328125,99.07040184736252,99.94301676750183,96.07194168454444,100.0,1214.9030431919075,12.584563118098698,0.00059049
441,199.0,217.70411038398746,812.8829956054688,99.04166394472122,99.94781124591827,95.88497718380393,100.0,1215.3147105627515,6.908543289059934,0.00059049
442,299.0,214.19839632511136,790.7277221679688,98.99848037958145,99.94190216064453,95.56260615583125,100.0,1215.6758279851533,12.686766725471653,0.00059049
443,399.0,210.80530071258545,797.6100463867188,99.06208002567291,99.94844537973404,95.83259851762958,100.0,1216.0776994096602,12.542507491979796,0.00059049
444,499.0,209.00330758094788,846.7364501953125,99.04113274812698,99.955102622509,95.70487707050412,100.0,1216.3530352927564,11.764573789841478,0.00059049
445,599.0,206.63793587684634,830.3858642578125,99.01677602529526,99.95799505710602,96.23704840844343,100.0,1216.8857395287575,11.975436899735712,0.00059049
446,699.0,221.1662496328354,763.987060546875,99.04256170988083,99.93774878978729,95.29948157025338,100.0,1217.4194120183504,6.552350980178306,0.00059049
447,799.0,217.78211081027985,835.6203002929688,98.98880714178085,99.92416405677795,95.92295893004545,100.0,1217.8659916625286,8.322194205356174,0.00059049
448,899.0,216.81101727485657,820.3292846679688,99.07568156719208,99.93309783935547,95.86094117686251,100.0,1218.2078976270952,18.752001357932382,0.00059049
449,999.0,215.41236627101895,830.8871459960938,99.01773113012314,99.94176357984543,95.67185041022351,100.0,1218.5005648166582,10.077922373373045,0.00059049
450,1099.0,211.76139938831332,851.8552856445312,99.04855769872665,99.93332099914551,95.9110812169112,100.0,1218.9286689964351,21.132749713770323,0.00059049
451,1199.0,220.58972787857053,839.3302001953125,98.989481985569,99.93158411979675,95.71494795860588,100.0,1219.474187313855,18.24079765811333,0.00059049
452,1299.0,222.05560219287875,830.4298706054688,99.09609639644623,99.94010078907013,95.41515155855211,100.0,1219.9504816699414,10.283817023461154,0.00059049
453,1399.0,217.7950495481491,831.1015625,99.09559202194214,99.9500874876976,95.73061268734415,100.0,1220.244204490405,8.136924983082627,0.00059049
